<?xml version="1.0" encoding="UTF-8"?>
<!DOCTYPE generatorConfiguration
  PUBLIC "-//mybatis.org//DTD MyBatis Generator Configuration 1.0//EN"
  "http://mybatis.org/dtd/mybatis-generator-config_1_0.dtd">

<generatorConfiguration>

	<!-- 配置文件路径 -->
    <properties resource="db.properties"/>

	<classPathEntry location="${drive.class.path}" />

	<context id="DB2Tables" targetRuntime="MyBatis3">
		<commentGenerator >  
            <property name="suppressAllComments" value="false"/><!-- 是否取消注释 -->  
            <property name="suppressDate" value="true" /> <!-- 是否生成注释代时间戳-->  
        </commentGenerator>
	
		<jdbcConnection driverClass="${jdbc.driver}"
			connectionURL="${jdbc.url}" userId="${jdbc.username}"
			password="${jdbc.password}">
		</jdbcConnection>

		<javaTypeResolver>
			<property name="forceBigDecimals" value="false" />
		</javaTypeResolver>

		<javaModelGenerator targetPackage="${model.package}"
			targetProject="${target.project}">
			<property name="enableSubPackages" value="false" />
			<property name="trimStrings" value="true" />
		</javaModelGenerator>

		<sqlMapGenerator targetPackage="${xml.mapper.package}"
			targetProject="${target.project}">
			<property name="enableSubPackages" value="false" />
		</sqlMapGenerator>

		<javaClientGenerator type="XMLMAPPER"
			targetPackage="${dao.package}" targetProject="${target.project}">
			<property name="enableSubPackages" value="false" />
		</javaClientGenerator>

		<table tableName="items"></table>
		<table tableName="orders"></table>
		<table tableName="orderdetail"></table>
		<table tableName="user"></table>

	</context>
</generatorConfiguration>