<?xml version="1.0" encoding="UTF-8"?>
<beans xmlns="http://www.springframework.org/schema/beans"
	xmlns:xsi="http://www.w3.org/2001/XMLSchema-instance" xmlns:mvc="http://www.springframework.org/schema/mvc"
	xmlns:context="http://www.springframework.org/schema/context"
	xmlns:aop="http://www.springframework.org/schema/aop" xmlns:tx="http://www.springframework.org/schema/tx"
	xsi:schemaLocation="http://www.springframework.org/schema/beans 
		http://www.springframework.org/schema/beans/spring-beans-3.2.xsd 
		http://www.springframework.org/schema/mvc 
		http://www.springframework.org/schema/mvc/spring-mvc-3.2.xsd 
		http://www.springframework.org/schema/context 
		http://www.springframework.org/schema/context/spring-context-3.2.xsd 
		http://www.springframework.org/schema/aop 
		http://www.springframework.org/schema/aop/spring-aop-3.2.xsd 
		http://www.springframework.org/schema/tx 
		http://www.springframework.org/schema/tx/spring-tx-3.2.xsd ">
		
		<!-- 配置Handler -->
		<!-- <bean id="itemsController1" name="/queryItems.action" class="com.ssm.controller.ItemsController1"/>
		<bean id="itemsController2" class="com.ssm.controller.ItemsController2"/> -->
		
		<!-- 单个配置 -->
		<!-- <bean class="com.ssm.controller.ItemsController3"/> -->
		<!-- 组件扫描配置 -->
		<context:component-scan base-package="com.ssm.controller"></context:component-scan>
		
		<!-- 处理器映射器 -->
		<!-- 将bean的name作为url进行查找，需要在配置Handler时指定beanname(就是url) -->
		<!-- <bean class="org.springframework.web.servlet.handler.BeanNameUrlHandlerMapping" /> -->
		
		<!-- 简单url映射 -->
		<!-- <bean class="org.springframework.web.servlet.handler.SimpleUrlHandlerMapping">
			<property name="mappings">
				<props>
					<prop key="/queryItems1.action">itemsController1</prop>
					<prop key="/queryItems2.action">itemsController1</prop>
					<prop key="/queryItems3.action">itemsController2</prop>
				</props>
			</property>
		</bean> -->
		
		<!-- 处理器适配器 -->
		<!-- <bean class="org.springframework.web.servlet.mvc.SimpleControllerHandlerAdapter" />
		<bean class="org.springframework.web.servlet.mvc.HttpRequestHandlerAdapter"/> -->
		
		<!-- 注解映射器 -->
		<bean class="org.springframework.web.servlet.mvc.method.annotation.RequestMappingHandlerMapping"/>
		<!-- 注解适配器 -->
		<bean class="org.springframework.web.servlet.mvc.method.annotation.RequestMappingHandlerAdapter"/>
		<!-- 可以代替上面两个配置,并且默认加载了很多的参数绑定方法 -->
		<mvc:annotation-driven></mvc:annotation-driven>
		
		<!-- 视图解析器 -->
		<!-- jsp视图解析器,默认使用jstl标签，classpath下需要有jstl的包 -->
		<bean class="org.springframework.web.servlet.view.InternalResourceViewResolver">
			<property name="prefix" value="/WEB-INF/jsp/"/>
			<property name="suffix" value=".jsp"/>
		</bean>
		
</beans>